,line,name,code,lat,lng
0,01호선,녹양,1908.0,37.75938,127.042292
1,01호선,남영,1002.0,37.541021,126.9713
2,01호선,용산,1003.0,37.529849,126.964561
3,01호선,노량진,1004.0,37.514219,126.942454
4,01호선,대방,1005.0,37.513342,126.926382
5,01호선,영등포,1006.0,37.515504,126.907628
6,01호선,신도림,1007.0,37.508725,126.891295
7,01호선,회기,1015.0,37.58946,127.057583
8,01호선,외대앞,1016.0,37.596073,127.063549
9,01호선,신이문,1017.0,37.601854,127.067325
10,01호선,광운대,1019.0,37.623632,127.061835
11,01호선,월계,1020.0,37.633212,127.058831
12,01호선,녹천,1021.0,37.644799,127.051269
13,01호선,창동,1022.0,37.653166,127.047731
14,01호선,신길,1032.0,37.517122,126.917169
15,01호선,석계,1018.0,37.614805,127.065851
16,01호선,봉명,1401.0,36.801215,127.135763
17,01호선,쌍용,1402.0,36.793759,127.1214
18,01호선,아산,1403.0,36.792053,127.104361
19,01호선,배방,1405.0,36.777629,127.052991
20,01호선,온양온천,1407.0,36.780483,127.003249
21,01호선,신창,1408.0,36.769502,126.951108
22,01호선,구로,1701.0,37.503039,126.881966
23,01호선,가산디지털단지,1702.0,37.481072,126.882343
24,01호선,금천구청,1703.0,37.455626,126.89398
25,01호선,관악,1705.0,37.419232,126.908706
26,01호선,안양,1706.0,37.401592,126.922874
27,01호선,명학,1707.0,37.384653,126.935433
28,01호선,금정,1708.0,37.372221,126.943429
29,01호선,의왕,1710.0,37.320852,126.948217
30,01호선,성균관대,1711.0,37.300349,126.97075
31,01호선,석수,1704.0,37.435047,126.902295
32,01호선,화서,1712.0,37.283862,126.989627
33,01호선,수원,1713.0,37.265974,126.999874
34,01호선,독산,1714.0,37.466613,126.889249
35,01호선,세류,1715.0,37.245025,127.013222
36,01호선,병점,1716.0,37.207503,127.032731
37,01호선,세마,1717.0,37.187533,127.04318
38,01호선,오산대,1718.0,37.168953,127.063197
39,01호선,송탄,1721.0,37.075696,127.054301
40,01호선,서정리,1722.0,37.056496,127.052819
41,01호선,평택,1724.0,36.990726,127.085159
42,01호선,성환,1725.0,36.916076,127.126964
43,01호선,직산,1726.0,36.870593,127.143904
44,01호선,두정,1727.0,36.833705,127.14896
45,01호선,천안,1728.0,36.810005,127.146826
46,01호선,광명,1750.0,37.416182,126.884466
47,01호선,개봉,1801.0,37.494594,126.85868
48,01호선,오류동,1802.0,37.494526,126.845365
49,01호선,역곡,1803.0,37.485178,126.811502
50,01호선,군포,1709.0,37.35356,126.948462
51,01호선,당정,1729.0,37.344285,126.948345
52,01호선,서동탄,1749.0,37.195504,127.051672
53,01호선,부천,1804.0,37.48405,126.782686
54,01호선,송내,1805.0,37.4876,126.753664
55,01호선,부평,1806.0,37.489493,126.724805
56,01호선,백운,1807.0,37.483664,126.707704
57,01호선,주안,1809.0,37.464941,126.679923
58,01호선,제물포,1810.0,37.466769,126.656666
59,01호선,동인천,1811.0,37.475276,126.632802
60,01호선,인천,1812.0,37.476691,126.616936
61,01호선,구일,1813.0,37.496756,126.870793
62,01호선,소사,1814.0,37.482753,126.79544
63,01호선,부개,1815.0,37.488418,126.74109
64,01호선,간석,1816.0,37.464737,126.694181
65,01호선,도원,1817.0,37.468446,126.642706
66,01호선,온수,1821.0,37.492258,126.823388
67,01호선,중동,1822.0,37.486562,126.764843
68,01호선,오산,1719.0,37.145885,127.06672
69,01호선,진위,1720.0,37.109447,127.062278
70,01호선,동암,1808.0,37.471408,126.702896
71,01호선,도화,1823.0,37.46607,126.668672
72,01호선,방학,1901.0,37.667503,127.044273
73,01호선,도봉,1902.0,37.679563,127.045595
74,01호선,도봉산,1903.0,37.689313,127.046222
75,01호선,망월사,1904.0,37.709914,127.047455
76,01호선,회룡,1905.0,37.724846,127.046895
77,01호선,의정부,1906.0,37.738415,127.045958
78,01호선,가능,1907.0,37.748577,127.044213
79,01호선,양주,1909.0,37.774381,127.044708
80,01호선,덕계,1910.0,37.818486,127.056486
81,01호선,덕정,1911.0,37.843188,127.061277
82,01호선,지행,1912.0,37.892334,127.055716
83,01호선,동두천중앙,1913.0,37.901885,127.056482
84,01호선,동두천,1915.0,37.927878,127.05479
85,01호선,보산,1914.0,37.913702,127.057277
86,01호선,종로3가,153.0,37.571607,126.991806
87,01호선,종로5가,154.0,37.570926,127.001849
88,01호선,동대문,155.0,37.57142,127.009745
89,01호선,신설동,156.0,37.575297,127.025087
90,01호선,제기동,157.0,37.578103,127.034893
91,01호선,청량리,158.0,37.580178,127.046835
92,01호선,동묘앞,159.0,37.572627,127.016429
93,01호선,소요산,1916.0,37.9481,127.061034
94,01호선,지제,1723.0,37.0188,127.070444
95,01호선,서울,150.0,37.554648,126.972559
96,01호선,시청,151.0,37.564718,126.977108
97,01호선,종각,152.0,37.570161,126.982923
98,02호선,강변,214.0,37.535095,127.094681
99,02호선,잠실나루,215.0,37.520733,127.10379
100,02호선,잠실,216.0,37.51395,127.102234
101,02호선,잠실새내,217.0,37.511687,127.086162
102,02호선,종합운동장,218.0,37.510997,127.073642
103,02호선,삼성,219.0,37.508844,127.06316
104,02호선,선릉,220.0,37.504503,127.049008
105,02호선,역삼,221.0,37.500622,127.036456
106,02호선,강남,222.0,37.497175,127.027926
107,02호선,교대,223.0,37.493415,127.01408
108,02호선,방배,225.0,37.481426,126.997596
109,02호선,사당,226.0,37.47653,126.981685
110,02호선,낙성대,227.0,37.47693,126.963693
111,02호선,서울대입구,228.0,37.481247,126.952739
112,02호선,봉천,229.0,37.482362,126.941892
113,02호선,신림,230.0,37.484201,126.929715
114,02호선,신대방,231.0,37.487462,126.913149
115,02호선,구로디지털단지,232.0,37.485266,126.901401
117,02호선,문래,235.0,37.517933,126.89476
118,02호선,영등포구청,236.0,37.52497,126.895951
119,02호선,용답,244.0,37.561904,127.050899
120,02호선,신정네거리,249.0,37.520074,126.852912
121,02호선,을지로입구,202.0,37.566014,126.982618
122,02호선,을지로3가,203.0,37.566295,126.99191
123,02호선,을지로4가,204.0,37.566941,126.998079
124,02호선,동대문역사문화공원,205.0,37.565138,127.007896
125,02호선,신당,206.0,37.565972,127.01782
126,02호선,한양대,209.0,37.555273,127.043655
127,02호선,뚝섬,210.0,37.547184,127.047367
128,02호선,성수,211.0,37.544581,127.055961
129,02호선,건대입구,212.0,37.540693,127.07023
130,02호선,구의,213.0,37.537077,127.085916
131,02호선,당산,237.0,37.53438,126.902281
132,02호선,합정,238.0,37.549463,126.913739
133,02호선,홍대입구,239.0,37.557192,126.925381
134,02호선,신촌,240.0,37.555134,126.936893
135,02호선,이대,241.0,37.556733,126.946013
136,02호선,아현,242.0,37.557345,126.956141
137,02호선,충정로,243.0,37.559973,126.963672
138,02호선,신답,245.0,37.57004,127.046481
139,02호선,까치산,200.0,37.531768,126.846683
141,02호선,서초,224.0,37.491897,127.007917
142,02호선,왕십리,208.0,37.561533,127.037732
143,02호선,상왕십리,207.0,37.564354,127.029354
144,02호선,대림,233.0,37.49297,126.895801
146,02호선,도림천,247.0,37.514287,126.882768
147,02호선,양천구청,248.0,37.512398,126.865819
148,02호선,용두,250.0,37.574028,127.038091
149,03호선,양재,332.0,37.484147,127.034631
150,03호선,매봉,333.0,37.486947,127.046769
151,03호선,도곡,334.0,37.490858,127.055381
152,03호선,대치,335.0,37.494612,127.063642
153,03호선,학여울,336.0,37.496663,127.070594
154,03호선,대청,337.0,37.493514,127.079532
155,03호선,일원,338.0,37.483681,127.08439
156,03호선,수서,339.0,37.487371,127.10188
157,03호선,동대입구,322.0,37.559052,127.005602
158,03호선,금호,324.0,37.548034,127.015872
159,03호선,옥수,325.0,37.540685,127.017965
160,03호선,압구정,326.0,37.527072,127.028461
161,03호선,신사,327.0,37.516334,127.020114
162,03호선,잠원,328.0,37.512759,127.01122
163,03호선,고속터미널,329.0,37.50481,127.004943
165,03호선,남부터미널,331.0,37.485013,127.016189
166,03호선,경복궁,317.0,37.575762,126.97353
167,03호선,안국,318.0,37.576477,126.985443
170,03호선,지축,309.0,37.648048,126.913951
171,03호선,구파발,310.0,37.636763,126.918821
172,03호선,연신내,311.0,37.619001,126.921008
173,03호선,불광,312.0,37.610469,126.929887
174,03호선,녹번,313.0,37.600927,126.935756
175,03호선,홍제,314.0,37.589066,126.943736
176,03호선,무악재,315.0,37.582299,126.950291
177,03호선,독립문,316.0,37.574571,126.957748
178,03호선,가락시장,340.0,37.492522,127.118234
179,03호선,경찰병원,341.0,37.495918,127.12454
180,03호선,오금,342.0,37.502162,127.128111
181,03호선,원당,1951.0,37.653324,126.843041
182,03호선,대곡,1953.0,37.631626,126.811024
183,03호선,백석,1954.0,37.643114,126.78787
184,03호선,마두,1955.0,37.652206,126.77762
185,03호선,정발산,1956.0,37.659477,126.773359
186,03호선,주엽,1957.0,37.670072,126.761334
187,03호선,대화,1958.0,37.676087,126.747569
188,03호선,원흥,1948.0,37.650658,126.872642
189,03호선,삼송,1950.0,37.653083,126.895558
190,03호선,약수,323.0,37.55434,127.010655
191,03호선,충무로,321.0,37.561243,126.99428
192,03호선,화정,1952.0,37.634592,126.83265
193,04호선,남태령,434.0,37.463873,126.989134
195,04호선,당고개,409.0,37.670272,127.079066
196,04호선,상계,410.0,37.660878,127.073572
197,04호선,노원,411.0,37.655128,127.061368
199,04호선,쌍문,413.0,37.648627,127.034709
200,04호선,수유,414.0,37.638052,127.025732
201,04호선,미아,415.0,37.62667,127.025983
202,04호선,미아사거리,416.0,37.613292,127.030053
203,04호선,길음,417.0,37.603407,127.025053
204,04호선,성신여대입구,418.0,37.592624,127.016403
205,04호선,한성대입구,419.0,37.588458,127.006221
206,04호선,혜화,420.0,37.582336,127.001844
210,04호선,명동,424.0,37.560989,126.986325
211,04호선,회현,425.0,37.558514,126.978246
213,04호선,숙대입구,427.0,37.54456,126.972106
214,04호선,삼각지,428.0,37.534777,126.97311
215,04호선,신용산,429.0,37.52917,126.967894
216,04호선,동작,431.0,37.502971,126.979306
217,04호선,총신대입구,432.0,37.486263,126.981989
219,04호선,경마공원,1451.0,37.443885,127.007888
220,04호선,대공원,1452.0,37.435675,127.006523
221,04호선,과천,1453.0,37.433021,126.996568
222,04호선,정부과천청사,1454.0,37.426513,126.98978
223,04호선,인덕원,1455.0,37.401553,126.976715
224,04호선,평촌,1456.0,37.394287,126.963883
225,04호선,범계,1457.0,37.389793,126.950806
226,04호선,선바위,1450.0,37.451673,127.002303
227,04호선,산본,1751.0,37.358101,126.933274
228,04호선,대야미,1752.0,37.328467,126.917332
229,04호선,반월,1753.0,37.312212,126.903524
230,04호선,상록수,1754.0,37.302795,126.866489
231,04호선,한대앞,1755.0,37.309689,126.85344
232,04호선,중앙,1756.0,37.315941,126.838573
233,04호선,고잔,1757.0,37.316777,126.823249
234,04호선,초지,1758.0,37.320646,126.805913
235,04호선,안산,1759.0,37.327082,126.788532
236,04호선,신길온천,1760.0,37.338212,126.765844
237,04호선,정왕,1761.0,37.351735,126.742989
238,04호선,오이도,1762.0,37.362357,126.738714
239,04호선,수리산,1763.0,37.349801,126.925365
240,04호선,이촌,430.0,37.522272,126.974345
242,05호선,둔촌동,2555.0,37.527788,127.136248
243,05호선,올림픽공원,2556.0,37.516078,127.130848
244,05호선,미사,2563.0,,
245,05호선,하남풍산,2564.0,,
246,05호선,방화,2511.0,37.577446,126.812741
247,05호선,개화산,2512.0,37.572399,126.806171
248,05호선,김포공항,2513.0,37.562434,126.801058
249,05호선,송정,2514.0,37.561184,126.811973
250,05호선,마곡,2515.0,37.560183,126.825448
251,05호선,애오개,2531.0,37.553736,126.95682
252,05호선,서대문,2533.0,37.565773,126.966641
253,05호선,광화문,2534.0,37.571026,126.976669
256,05호선,발산,2516.0,37.558598,126.837668
257,05호선,우장산,2517.0,37.548768,126.836318
258,05호선,화곡,2518.0,37.541513,126.840461
260,05호선,신정,2520.0,37.524997,126.856191
261,05호선,목동,2521.0,37.526065,126.864931
262,05호선,오목교,2522.0,37.524496,126.875181
263,05호선,양평,2523.0,37.492832,127.491814
265,05호선,영등포시장,2525.0,37.522669,126.905139
267,05호선,여의도,2527.0,37.521624,126.924191
268,05호선,여의나루,2528.0,37.527098,126.932901
269,05호선,마포,2529.0,37.539574,126.945932
270,05호선,공덕,2530.0,37.544018,126.951592
272,05호선,신금호,2539.0,37.554548,127.020331
273,05호선,행당,2540.0,37.557322,127.029476
274,05호선,마장,2542.0,37.5661,127.042973
275,05호선,답십리,2543.0,37.566747,127.052704
276,05호선,장한평,2544.0,37.56144,127.064623
277,05호선,군자,2545.0,37.557121,127.079542
278,05호선,아차산,2546.0,37.551691,127.089761
279,05호선,광나루,2547.0,37.545303,127.10357
280,05호선,천호,2548.0,37.538397,127.123572
281,05호선,강동,2549.0,37.535804,127.132481
282,05호선,길동,2550.0,37.537801,127.140004
283,05호선,굽은다리,2551.0,37.545477,127.142853
284,05호선,명일,2552.0,37.55137,127.143999
285,05호선,고덕,2553.0,37.555004,127.154151
286,05호선,상일동,2554.0,37.556712,127.166417
287,05호선,방이,2557.0,37.508857,127.126133
289,05호선,개롱,2559.0,37.498079,127.13482
290,05호선,거여,2560.0,37.493105,127.14415
291,05호선,마천,2561.0,37.49499,127.152781
293,05호선,청구,2538.0,37.560245,127.013828
294,06호선,망원,2622.0,37.556094,126.910052
296,06호선,상수,2624.0,37.547716,126.922852
297,06호선,광흥창,2625.0,37.547456,126.931993
298,06호선,대흥,2626.0,37.547771,126.942069
299,06호선,버티고개,2633.0,37.548013,127.007055
303,06호선,응암,2611.0,37.598605,126.915577
304,06호선,역촌,2612.0,37.606021,126.922744
306,06호선,독바위,2614.0,37.618456,126.933031
308,06호선,구산,2616.0,37.611377,126.91727
309,06호선,새절,2617.0,37.591148,126.913629
310,06호선,증산,2618.0,37.583876,126.909645
311,06호선,디지털미디어시티,2619.0,37.576646,126.900984
312,06호선,월드컵경기장,2620.0,37.569532,126.899298
313,06호선,마포구청,2621.0,37.563515,126.903343
315,06호선,효창공원앞,2628.0,37.539261,126.961351
317,06호선,녹사평,2630.0,37.534675,126.986695
318,06호선,이태원,2631.0,37.534488,126.994302
319,06호선,한강진,2632.0,37.539631,127.001725
321,06호선,창신,2638.0,37.579661,127.015241
322,06호선,보문,2639.0,37.585286,127.019381
323,06호선,안암,2640.0,37.586272,127.029005
324,06호선,고려대,2641.0,37.590508,127.036296
325,06호선,월곡,2642.0,37.601948,127.041518
326,06호선,상월곡,2643.0,37.606377,127.048491
327,06호선,돌곶이,2644.0,37.610537,127.056431
329,06호선,태릉입구,2646.0,37.617983,127.07512
330,06호선,화랑대,2647.0,37.620064,127.084689
331,06호선,봉화산,2648.0,37.617283,127.091401
332,06호선,신내,2649.0,37.612887,127.103218
334,07호선,강남구청,2732.0,37.517186,127.04128
335,07호선,학동,2733.0,37.514229,127.031656
336,07호선,논현,2734.0,37.511093,127.021415
337,07호선,반포,2735.0,37.508178,127.011727
339,07호선,내방,2737.0,37.487618,126.993513
340,07호선,이수,2738.0,37.486263,126.981989
341,07호선,까치울,2753.0,37.506207,126.810939
342,07호선,부천종합운동장,2754.0,37.50538,126.797337
343,07호선,춘의,2755.0,37.503663,126.787036
344,07호선,부평구청,2761.0,37.508336,126.720548
345,07호선,사가정,2724.0,37.580894,127.088478
346,07호선,용마산,2725.0,37.573647,127.086727
347,07호선,중곡,2726.0,37.565923,127.08432
348,07호선,어린이대공원,2728.0,37.548014,127.074658
349,07호선,남성,2739.0,37.484596,126.971251
350,07호선,숭실대입구,2740.0,37.496029,126.953822
351,07호선,상도,2741.0,37.502834,126.94791
352,07호선,장승배기,2742.0,37.504898,126.93915
353,07호선,신대방삼거리,2743.0,37.499701,126.928276
354,07호선,보라매,2744.0,37.499872,126.920428
355,07호선,신풍,2745.0,37.50008,126.90993
357,07호선,남구로,2747.0,37.486056,126.887249
359,07호선,철산,2749.0,37.47605,126.867911
360,07호선,광명사거리,2750.0,37.479252,126.854876
361,07호선,천왕,2751.0,37.486637,126.838713
363,07호선,장암,2711.0,37.700109,127.053196
364,07호선,중화,2721.0,37.602545,127.079264
365,07호선,상봉,2722.0,37.596362,127.085032
366,07호선,면목,2723.0,37.588579,127.087503
368,07호선,뚝섬유원지,2730.0,37.53154,127.066704
369,07호선,청담,2731.0,37.519365,127.05335
371,07호선,수락산,2713.0,37.67785,127.055315
372,07호선,마들,2714.0,37.66494,127.057675
374,07호선,중계,2716.0,37.644583,127.064303
375,07호선,하계,2717.0,37.636352,127.06799
376,07호선,공릉,2718.0,37.625742,127.072896
378,07호선,먹골,2720.0,37.610637,127.077725
379,07호선,신중동,2756.0,37.503048,126.77596
380,07호선,부천시청,2757.0,37.504631,126.763538
381,07호선,상동,2758.0,37.505781,126.753083
382,07호선,삼산체육관,2759.0,37.506411,126.742153
383,07호선,굴포천,2760.0,37.506997,126.73128
384,08호선,암사,2811.0,37.55021,127.127562
386,08호선,강동구청,2813.0,37.530341,127.120508
387,08호선,몽촌토성,2814.0,37.517409,127.112359
389,08호선,신흥,2825.0,37.440918,127.147564
390,08호선,수진,2826.0,37.437428,127.140722
391,08호선,모란,2827.0,37.43213,127.129087
392,08호선,석촌,2816.0,37.505431,127.106979
393,08호선,송파,2817.0,37.499703,127.112183
395,08호선,문정,2819.0,37.485855,127.1225
396,08호선,장지,2820.0,37.478703,127.126191
397,08호선,복정,2821.0,37.470047,127.126662
398,08호선,산성,2822.0,37.457122,127.149908
399,08호선,남한산성입구,2823.0,37.451535,127.159816
400,08호선,단대오거리,2824.0,37.44521,127.156866
401,09호선,석촌고분,4132.0,,
403,09호선,송파나루,4134.0,,
404,09호선,한성백제,4135.0,,
406,09호선,둔촌오륜,4137.0,,
407,09호선,선정릉,4127.0,37.51098,127.043593
408,09호선,삼성중앙,4128.0,37.513011,127.053282
409,09호선,봉은사,4129.0,37.514219,127.060245
411,09호선,삼전,4131.0,,
412,09호선,중앙보훈병원,4138.0,,
413,09호선,개화,4101.0,37.578608,126.798153
415,09호선,공항시장,4103.0,37.563726,126.810678
416,09호선,신방화,4104.0,37.567532,126.816601
417,09호선,마곡나루,4105.0,37.567336,126.829497
418,09호선,양천향교,4106.0,37.568381,126.841333
419,09호선,증미,4108.0,37.557402,126.861939
420,09호선,등촌,4109.0,37.550632,126.865689
421,09호선,선유도,4112.0,37.53802,126.893525
422,09호선,샛강,4116.0,37.517274,126.928422
424,09호선,흑석,4119.0,37.50877,126.963708
425,09호선,구반포,4121.0,37.501364,126.987332
426,09호선,신반포,4122.0,37.503415,126.995925
427,09호선,신논현,4125.0,37.504598,127.02506
428,09호선,염창,4110.0,37.546936,126.874916
429,09호선,신목동,4111.0,37.544277,126.88308
431,09호선,국회의사당,4114.0,37.528105,126.917874
433,09호선,노들,4118.0,37.512887,126.953222
436,09호선,사평,4124.0,37.504206,127.015259
437,09호선,가양,4107.0,37.561391,126.854456
438,09호선,언주,4126.0,37.507287,127.033868
439,경강선,삼동,1503.0,37.409522,127.20336
440,경강선,경기광주,1504.0,37.399907,126.630347
441,경강선,초월,1505.0,37.374419,127.299
442,경강선,곤지암,1506.0,37.351315,127.34674
443,경강선,신둔도예촌,1507.0,37.317185,127.40476
444,경강선,이천,1508.0,37.265579,127.44226
445,경강선,부발,1509.0,37.260192,127.490277
446,경강선,여주,1511.0,37.282701,127.628607
447,경강선,세종대왕릉,1510.0,37.295309,127.570938
448,경강선,이매,1502.0,37.396104,127.12827
449,경강선,판교,1501.0,37.394761,127.111217
451,경의선,서빙고,1009.0,37.519594,126.988537
455,경의선,중랑,1201.0,37.594917,127.076116
457,경의선,망우,1203.0,37.59955,127.091909
458,경의선,양원,1204.0,37.606596,127.107906
459,경의선,구리,1205.0,37.603392,127.143869
460,경의선,도농,1206.0,37.608806,127.161153
461,경의선,양정,1207.0,37.60533,127.19364
462,경의선,덕소,1208.0,37.586781,127.208832
463,경의선,도심,1209.0,37.579622,127.222672
464,경의선,팔당,1210.0,37.547371,127.243939
465,경의선,운길산,1211.0,37.554669,127.310115
466,경의선,양수,1212.0,37.545981,127.329098
467,경의선,신원,1213.0,37.525545,127.372921
468,경의선,응봉,1012.0,37.549946,127.034538
469,경의선,국수,1214.0,37.516169,127.399367
470,경의선,아신,1215.0,37.51382,127.443173
471,경의선,오빈,1216.0,37.506062,127.473868
473,경의선,원덕,1218.0,37.468672,127.547076
474,경의선,용문,1219.0,37.48223,127.594647
475,경의선,지평,1220.0,37.476444,127.629617
481,경의선,수색,1267.0,37.580842,126.895611
482,경의선,화전,1268.0,37.602888,126.868387
483,경의선,강매,1269.0,37.612314,126.843223
484,경의선,행신,1270.0,37.612102,126.834146
485,경의선,능곡,1271.0,37.618808,126.820783
486,경의선,곡산,1272.0,37.645676,126.801762
487,경의선,풍산,1274.0,37.672346,126.786243
488,경의선,일산,1275.0,37.682077,126.769846
489,경의선,탄현,1276.0,37.694023,126.761086
490,경의선,운정,1278.0,37.725826,126.767257
491,경의선,금릉,1279.0,37.751322,126.765347
492,경의선,월롱,1282.0,37.796188,126.792587
493,경의선,파주,1283.0,37.815298,126.792783
494,경의선,문산,1284.0,37.854619,126.788047
495,경의선,임진강,1285.0,,
496,경의선,서강대,1263.0,37.551881,126.935711
497,경의선,백마,1273.0,37.658239,126.794461
498,경의선,야당,1277.0,37.712327,126.761356
499,경의선,금촌,1280.0,37.766217,126.774644
502,경의선,한남,1010.0,37.52943,127.009169
505,경의선,가좌,1265.0,37.568491,126.915487
512,경춘선,갈매,1312.0,37.634118,127.114757
513,경춘선,별내,1313.0,37.64202,127.12684
514,경춘선,퇴계원,1314.0,37.648311,127.143952
515,경춘선,사릉,1315.0,37.65108,127.176933
516,경춘선,평내호평,1317.0,37.653225,127.244493
517,경춘선,마석,1319.0,37.652782,127.311767
518,경춘선,대성리,1320.0,37.684071,127.379319
519,경춘선,청평,1321.0,37.735488,127.42661
520,경춘선,상천,1322.0,37.770246,127.454821
521,경춘선,가평,1323.0,37.814536,127.510739
522,경춘선,굴봉산,1324.0,37.832067,127.557695
523,경춘선,백양리,1325.0,37.830779,127.58933
524,경춘선,강촌,1326.0,37.805723,127.634146
525,경춘선,김유정,1327.0,37.818466,127.71434
526,경춘선,남춘천,1328.0,37.864007,127.723792
527,경춘선,금곡,1316.0,37.637382,127.207853
528,경춘선,천마산,1318.0,37.658978,127.285379
529,경춘선,춘천,1329.0,37.885054,127.717023
532,공항철도,계양,4208.0,37.571462,126.735637
534,공항철도,검암,4209.0,37.569104,126.673728
539,공항철도,청라국제도시,4210.0,37.555878,126.625327
540,공항철도,운서,4211.0,37.492904,126.49379
541,공항철도,공항화물청사,4212.0,37.458366,126.476241
542,공항철도,인천공항1터미널,4213.0,,
543,공항철도,인천공항2터미널,4215.0,,
544,공항철도,영종,4217.0,37.511466,126.5237
545,김포도시철도,양촌,4920.0,,
546,김포도시철도,구래,4921.0,,
547,김포도시철도,마산,4922.0,,
548,김포도시철도,장기,4923.0,,
549,김포도시철도,운양,4924.0,,
550,김포도시철도,걸포북변,4925.0,,
551,김포도시철도,사우,4926.0,,
552,김포도시철도,풍무,4927.0,,
553,김포도시철도,고촌,4928.0,,
556,분당선,한티,1024.0,37.496237,127.052873
558,분당선,구룡,1026.0,37.486839,127.058856
559,분당선,개포동,1027.0,37.489116,127.06614
560,분당선,대모산입구,1028.0,37.491373,127.07272
564,분당선,서울숲,1847.0,37.543617,127.044707
565,분당선,압구정로데오,1848.0,37.527381,127.040534
568,분당선,가천대,1851.0,37.448605,127.126697
569,분당선,태평,1852.0,37.440019,127.127709
571,분당선,야탑,1854.0,37.411185,127.128715
572,분당선,서현,1855.0,37.385126,127.123592
573,분당선,수내,1856.0,37.378455,127.114322
574,분당선,정자,1857.0,37.36706,127.108105
575,분당선,미금,1858.0,37.350077,127.10891
577,분당선,신갈,1864.0,37.286102,127.111313
578,분당선,상갈,1866.0,37.26181,127.108847
579,분당선,청명,1867.0,37.259489,127.078934
580,분당선,영통,1868.0,37.251568,127.071394
581,분당선,망포,1869.0,37.245795,127.057353
582,분당선,매탄권선,1870.0,37.252759,127.040566
583,분당선,수원시청,1871.0,37.261911,127.030736
584,분당선,매교,1872.0,37.265481,127.015678
585,분당선,구성,1863.0,37.298969,127.105664
587,분당선,보정,1861.0,37.312752,127.108196
588,분당선,오리,1859.0,37.339824,127.108942
589,분당선,죽전,1862.0,37.324753,127.107395
590,분당선,기흥,1865.0,37.275619,127.115936
593,서해선,소새울,4805.0,,
594,서해선,시흥대야,4806.0,,
595,서해선,신천,4807.0,,
596,서해선,신현,4808.0,,
597,서해선,시흥시청,4809.0,,
598,서해선,시흥능곡,4810.0,,
599,서해선,달미,4811.0,,
600,서해선,선부,4812.0,,
602,서해선,원곡,4814.0,,
603,서해선,원시,4815.0,,
605,수인선,달월,1878.0,37.379681,126.745177
606,수인선,월곶,1879.0,37.391769,126.742699
607,수인선,소래포구,1880.0,37.40095,126.733522
608,수인선,인천논현,1881.0,37.400614,126.722478
609,수인선,호구포,1882.0,37.401637,126.708627
610,수인선,남동인더스파크,1883.0,37.407722,126.695216
611,수인선,원인재,1884.0,37.412603,126.687389
612,수인선,연수,1885.0,37.417804,126.67894
613,수인선,송도,1886.0,37.428514,126.657772
614,수인선,인하대,1888.0,37.448493,126.649619
615,수인선,숭의,1889.0,37.460789,126.638297
617,수인선,신포,1890.0,37.46874,126.623853
618,신분당선,동천,4314.0,37.337928,127.102976
619,신분당선,수지구청,4315.0,37.322702,127.095026
620,신분당선,성복,4316.0,37.313335,127.0801
621,신분당선,상현,4317.0,37.297664,127.069342
622,신분당선,광교중앙,4318.0,37.288617,127.051478
625,신분당선,양재시민의숲,4309.0,37.470023,127.03842
627,신분당선,광교,4319.0,37.30211,127.044483
630,신분당선,청계산입구,4310.0,37.447211,127.055664
631,용인경전철,강남대,4502.0,37.270161,127.126033
632,용인경전철,지석,4503.0,37.269606,127.136515
633,용인경전철,어정,4504.0,37.274917,127.143714
634,용인경전철,동백,4505.0,37.269043,127.152716
635,용인경전철,초당,4506.0,37.260752,127.159443
636,용인경전철,시청.용인대,4509.0,37.239151,127.178406
637,용인경전철,명지대,4510.0,37.237964,127.190294
638,용인경전철,김량장,4511.0,37.237247,127.198781
639,용인경전철,운동장.송담대,4512.0,37.237845,127.209198
640,용인경전철,고진,4513.0,37.24484,127.214251
641,용인경전철,보평,4514.0,37.258965,127.218457
642,용인경전철,둔전,4515.0,37.267051,127.21364
643,용인경전철,삼가,4508.0,37.242115,127.168075
644,용인경전철,전대.에버랜드,4517.0,37.285342,127.219561
646,우이신설경전철,북한산우이,4701.0,37.663146,127.012789
647,우이신설경전철,솔밭공원,4702.0,37.656088,127.013252
648,우이신설경전철,419민주묘지,4703.0,37.649593,127.013746
649,우이신설경전철,가오리,4704.0,37.641701,127.016792
650,우이신설경전철,삼양사거리,4707.0,37.621512,127.02048
651,우이신설경전철,솔샘,4708.0,37.62124,127.013528
652,우이신설경전철,북한산보국문,4709.0,37.612343,127.008009
653,우이신설경전철,정릉,4710.0,37.602798,127.01349
657,우이신설경전철,화계,4705.0,37.634802,127.017519
658,우이신설경전철,삼양,4706.0,37.627165,127.018152
659,의정부경전철,동오,4608.0,37.745271,127.056947
660,의정부경전철,새말,4609.0,37.748885,127.06362
661,의정부경전철,경기도청북부청사,4610.0,37.75059,127.071495
662,의정부경전철,효자,4611.0,37.754025,127.076902
664,의정부경전철,범골,4603.0,37.728755,127.04353
665,의정부경전철,경전철의정부,4604.0,37.737202,127.043257
666,의정부경전철,의정부시청,4605.0,37.739256,127.034781
667,의정부경전철,흥선,4606.0,37.743302,127.037023
668,의정부경전철,의정부중앙,4607.0,37.743676,127.049565
669,의정부경전철,곤제,4612.0,37.750471,127.083715
670,의정부경전철,어룡,4613.0,37.742802,127.085035
671,의정부경전철,발곡,4601.0,37.727048,127.052803
672,의정부경전철,송산,4614.0,37.737279,127.087159
673,의정부경전철,탑석,4615.0,37.733579,127.088704
674,인천2호선,검단사거리,3203.0,37.60185,126.657108
675,인천2호선,인천대공원,3226.0,37.448769,126.752618
676,인천2호선,마전,3204.0,37.597566,126.666998
677,인천2호선,독정,3206.0,37.585212,126.675844
678,인천2호선,검바위,3208.0,37.561405,126.677566
679,인천2호선,서구청,3210.0,37.543742,126.676787
680,인천2호선,가정,3211.0,37.524649,126.675539
681,인천2호선,인천가좌,3215.0,37.4897,126.675208
682,인천2호선,가재울,3216.0,37.484192,126.683673
683,인천2호선,주안국가산단,3217.0,37.473703,126.68113
684,인천2호선,인천시청,3221.0,37.457405,126.702221
685,인천2호선,석천사거리,3222.0,37.456805,126.709986
686,인천2호선,모래내시장,3223.0,37.45583,126.719298
687,인천2호선,만수,3224.0,37.454911,126.732094
688,인천2호선,운연,3227.0,37.440127,126.75997
690,인천2호선,가정중앙시장,3212.0,37.517054,126.676672
691,인천2호선,석남,3213.0,37.506193,126.676203
692,인천2호선,서부여성회관,3214.0,37.506193,126.676203
694,인천2호선,시민공원,3219.0,37.458335,126.681192
695,인천2호선,석바위시장,3220.0,37.457611,126.692575
696,인천2호선,왕길,3202.0,37.59518,126.642696
697,인천2호선,완정,3205.0,37.592928,126.673203
698,인천2호선,남동구청,3225.0,37.448161,126.736939
699,인천2호선,아시아드경기장,3209.0,37.5517,126.677122
700,인천2호선,검단오류,3201.0,37.594877,126.627178
702,인천선,귤현,3111.0,37.566379,126.742654
703,인천선,박촌,3112.0,37.553703,126.745077
704,인천선,임학,3113.0,37.545059,126.738665
705,인천선,계산,3114.0,37.543238,126.728128
706,인천선,경인교대입구,3115.0,37.538157,126.722597
707,인천선,작전,3116.0,37.530415,126.722527
708,인천선,갈산,3117.0,37.517268,126.721514
710,인천선,부평시장,3119.0,37.498383,126.722244
712,인천선,동수,3121.0,37.485312,126.718247
713,인천선,부평삼거리,3122.0,37.477679,126.710208
715,인천선,예술회관,3125.0,37.449396,126.701012
716,인천선,인천터미널,3126.0,37.442383,126.699706
717,인천선,문학경기장,3127.0,37.434935,126.698579
718,인천선,선학,3128.0,37.426684,126.698863
719,인천선,신연수,3129.0,37.41804,126.693863
721,인천선,동춘,3131.0,37.404737,126.681015
722,인천선,동막,3132.0,37.397878,126.674005
723,인천선,캠퍼스타운,3133.0,37.387855,126.661673
724,인천선,테크노파크,3134.0,37.382268,126.656365
725,인천선,지식정보단지,3135.0,37.378384,126.645168
726,인천선,인천대입구,3136.0,37.386007,126.639484
727,인천선,센트럴파크,3137.0,37.393054,126.634729
728,인천선,국제업무지구,3138.0,37.399907,126.630347
729,인천선,간석오거리,3123.0,37.467048,126.707938
